{
  "SSIDreset": "__RAS__",
  "fileForMessages": "messagesDicDefault.json",
  "firmwareVersion": "v1.4.3",
  "flask": {
    "new password": [
      "admin"
    ],
    "old password": [
      "password"
    ],
    "username": [
      "admin"
    ]
  },
  "language": "ENGLISH",
  "manufacturingData": {
    "firmwareAtShipment": "prior to v1.4.2",
    "productName": "RAS2",
    "productionDate": "before October 2020",
    "productionLocation": "Frankfurt",
    "productionNumber": "before October 2020",
    "qualityInspector": "Luis"
  },
  "odooConnectedAtLeastOnce": true,
  "odooParameters": {
    "admin_id": [
      "ffffffff"
    ],
    "db": [
      "aba-database"
    ],
    "https": false,
    "odoo_host": [
      "localhost"
    ],
    "odoo_port": [
      "8069"
    ],
    "timezone": [
      "+07:00"
    ],
    "user_name": [
      "ghanisgkn@gmail.com"
    ],
    "user_password": [
      "Kmzwa8awaa;"
    ]
  },
  "periodDisplayClock": 10.0,
  "periodEvaluateReachability": 5.0,
  "showEmployeeName": "yes",
  "ssh": "enable",
  "sshPassword": "raspberry",
  "timeToDisplayResultAfterClocking": 1.2,
  "timeoutToCheckAttendance": 3.0,
  "timeoutToGetOdooUID": 6.0,
  "wifi": {
    "Password": "SSID PSSWD",
    "SSID": "SSID NAME"
  }
}